variant,train_size,seed,ifn_alpha,ifn_alpha_measured,ifn_alpha_latent,ifn_alpha_sign,ifn_alpha_activity,ifn_alpha_active,ifn_pair,pair_latents,pair_activity,active_latents,best_epoch,val_loss,test_loss
vanilla,500,0,0.991243,0.991243,latent 5,1,0.205736,True,0.992829,latent 5; latent 51,0.206; 2.8,58,103,2068.97,2078.75
vanilla,500,1,0.990382,0.990382,latent 50,1,0.403955,True,0.993729,latent 50; latent 17,0.404; 1.76,58,109,2068.88,2079.44
vanilla,500,2,0.995665,0.995665,latent 20,1,0.527514,True,0.996091,latent 20; latent 37,0.528; 0.447,58,97,2074.35,2084.34
vanilla,500,3,0.996019,0.996019,latent 18,-1,0.489071,True,0.996931,latent 18; latent 33,0.489; 1.76,58,85,2076.79,2086.91
vanilla,500,4,0.990168,0.990168,latent 3,1,0.517482,True,0.99289,latent 3; latent 5,0.517; 1.17,58,90,2077.97,2089.23
vanilla,500,5,0.993247,0.993247,latent 9,-1,2.89486,True,0.994871,latent 9; latent 55,2.89; 0.149,58,94,2075.19,2085.59
vanilla,500,6,0.993855,0.993855,latent 55,-1,3.27664,True,0.99437,latent 55; latent 13,3.28; 0.339,58,92,2078.25,2087.6
vanilla,500,7,0.981522,0.981522,latent 26,1,1.85214,True,0.985291,latent 26; latent 55,1.85; 0.228,58,104,2071.66,2082.58
vanilla,500,8,0.99279,0.99279,latent 4,-1,0.53062,True,0.994415,latent 4; latent 42,0.531; 1.16,58,66,2098.06,2108.41
vanilla,500,9,0.996392,0.996392,latent 22,1,1.98511,True,0.996316,latent 22; latent 38,1.99; 0.726,58,87,2082.62,2092.74
real,500,0,0.99616,0.99616,HALLMARK_INTERFERON_ALPHA_RESPONSE,-1,1.29325,True,0.996388,HALLMARK_INTERFERON_ALPHA_RESPONSE; HALLMARK_INTERFERON_GAMMA_RESPONSE,1.29; 1.51,54,248,2222.01,2232.37
real,500,1,0.993941,0.993941,HALLMARK_INTERFERON_ALPHA_RESPONSE,-1,1.25481,True,0.994049,HALLMARK_INTERFERON_ALPHA_RESPONSE; HALLMARK_INTERFERON_GAMMA_RESPONSE,1.25; 1.58,53,223,2240.28,2251.38
real,500,2,0.995828,0.995828,HALLMARK_INTERFERON_ALPHA_RESPONSE,-1,1.08079,True,0.995637,HALLMARK_INTERFERON_ALPHA_RESPONSE; HALLMARK_INTERFERON_GAMMA_RESPONSE,1.08; 1.75,53,216,2241.64,2252.29
real,500,3,0.996406,0.996406,HALLMARK_INTERFERON_ALPHA_RESPONSE,1,1.24893,True,0.996549,HALLMARK_INTERFERON_ALPHA_RESPONSE; HALLMARK_INTERFERON_GAMMA_RESPONSE,1.25; 1.83,54,233,2231.9,2242.23
real,500,4,0.996012,0.996012,HALLMARK_INTERFERON_ALPHA_RESPONSE,-1,1.17944,True,0.99591,HALLMARK_INTERFERON_ALPHA_RESPONSE; HALLMARK_INTERFERON_GAMMA_RESPONSE,1.18; 1.42,52,284,2203.89,2214.41
real,500,5,0.997021,0.997021,HALLMARK_INTERFERON_ALPHA_RESPONSE,-1,0.935743,True,0.99708,HALLMARK_INTERFERON_ALPHA_RESPONSE; HALLMARK_INTERFERON_GAMMA_RESPONSE,0.936; 1.64,53,287,2199.55,2210.81
real,500,6,0.995897,0.995897,HALLMARK_INTERFERON_ALPHA_RESPONSE,1,1.45835,True,0.996171,HALLMARK_INTERFERON_ALPHA_RESPONSE; HALLMARK_INTERFERON_GAMMA_RESPONSE,1.46; 2.05,54,212,2251.47,2261.9
real,500,7,0.996798,0.996798,HALLMARK_INTERFERON_ALPHA_RESPONSE,-1,1.56329,True,0.99668,HALLMARK_INTERFERON_ALPHA_RESPONSE; HALLMARK_INTERFERON_GAMMA_RESPONSE,1.56; 1.61,50,304,2194.63,2206.39
real,500,8,0.99601,0.99601,HALLMARK_INTERFERON_ALPHA_RESPONSE,-1,1.1244,True,0.995888,HALLMARK_INTERFERON_ALPHA_RESPONSE; HALLMARK_INTERFERON_GAMMA_RESPONSE,1.12; 1.67,53,259,2216.04,2226.44
real,500,9,0.997283,0.997283,HALLMARK_INTERFERON_ALPHA_RESPONSE,1,1.07484,True,0.997381,HALLMARK_INTERFERON_ALPHA_RESPONSE; HALLMARK_INTERFERON_GAMMA_RESPONSE,1.07; 1.21,50,379,2170.89,2181.03
shuffled,500,0,0.879296,0.879296,HALLMARK_INTERFERON_ALPHA_RESPONSE,-1,0.0951677,True,0.879935,HALLMARK_INTERFERON_ALPHA_RESPONSE; HALLMARK_INTERFERON_GAMMA_RESPONSE,0.0952; 0.139,55,265,2236.78,2247.16
shuffled,500,1,0.695659,0.695659,HALLMARK_INTERFERON_ALPHA_RESPONSE,1,0.664164,True,0.614683,HALLMARK_INTERFERON_ALPHA_RESPONSE; HALLMARK_INTERFERON_GAMMA_RESPONSE,0.664; 0.561,53,246,2240.91,2252.04
shuffled,500,2,0.399404,0.399404,HALLMARK_INTERFERON_ALPHA_RESPONSE,-1,0.707549,True,0.65875,HALLMARK_INTERFERON_ALPHA_RESPONSE; HALLMARK_INTERFERON_GAMMA_RESPONSE,0.708; 0.0483,54,329,2188.24,2198.29
shuffled,500,3,0.218575,0.218575,HALLMARK_INTERFERON_ALPHA_RESPONSE,1,0.954572,True,0.706885,HALLMARK_INTERFERON_ALPHA_RESPONSE; HALLMARK_INTERFERON_GAMMA_RESPONSE,0.955; 0.69,55,294,2240.52,2249.7
shuffled,500,4,0.265057,0.265057,HALLMARK_INTERFERON_ALPHA_RESPONSE,1,0.362976,True,0.856299,HALLMARK_INTERFERON_ALPHA_RESPONSE; HALLMARK_INTERFERON_GAMMA_RESPONSE,0.363; 1.03,55,206,2283.4,2293.87
shuffled,500,5,0.0973731,0.0973731,HALLMARK_INTERFERON_ALPHA_RESPONSE,1,0.802427,True,0.896287,HALLMARK_INTERFERON_ALPHA_RESPONSE; HALLMARK_INTERFERON_GAMMA_RESPONSE,0.802; 0.235,53,347,2206.88,2217.28
shuffled,500,6,0.785335,0.785335,HALLMARK_INTERFERON_ALPHA_RESPONSE,1,1.20541,True,0.786746,HALLMARK_INTERFERON_ALPHA_RESPONSE; HALLMARK_INTERFERON_GAMMA_RESPONSE,1.21; 0.404,53,315,2224.76,2234.62
shuffled,500,7,0.704313,0.704313,HALLMARK_INTERFERON_ALPHA_RESPONSE,1,0.690756,True,0.884727,HALLMARK_INTERFERON_ALPHA_RESPONSE; HALLMARK_INTERFERON_GAMMA_RESPONSE,0.691; 0.912,55,327,2231.81,2242.86
shuffled,500,8,0.673349,0.673349,HALLMARK_INTERFERON_ALPHA_RESPONSE,-1,4.71944,True,0.850915,HALLMARK_INTERFERON_ALPHA_RESPONSE; HALLMARK_INTERFERON_GAMMA_RESPONSE,4.72; 0.874,55,215,2290.65,2301.22
shuffled,500,9,0.0989888,0.0989888,HALLMARK_INTERFERON_ALPHA_RESPONSE,1,1.47557,True,0.717464,HALLMARK_INTERFERON_ALPHA_RESPONSE; HALLMARK_INTERFERON_GAMMA_RESPONSE,1.48; 0.341,54,310,2215.97,2226.15
coexpression,500,0,0.994953,0.994953,free 1,1,3.24935,True,0.997037,free 1; module 27,3.25; 6.39,52,220,2259.44,2270.4
coexpression,500,1,0.996244,0.996244,module 46,-1,3.60571,True,0.997707,module 46; free 5,3.61; 2.56,50,321,2206.48,2217.36
coexpression,500,2,0.994485,0.994485,module 23,1,0.395155,True,0.995473,module 23; free 2,0.395; 1.56,52,234,2236.22,2246.75
coexpression,500,3,0.990687,0.990687,module 14,1,3.69387,True,0.983707,module 14; module 47,3.69; 5.4,47,190,2256.72,2266.73
coexpression,500,4,0.99037,0.99037,free 8,1,2.23964,True,0.990371,free 8; module 26,2.24; 0.58,52,354,2179.09,2189.22
coexpression,500,5,0.981004,0.981004,module 13,1,6.88651,True,0.995438,module 13; free 5,6.89; 1.39,48,252,2185.48,2196.66
coexpression,500,6,0.993412,0.993412,module 43,1,0.891048,True,0.993643,module 43; module 9,0.891; 2.65,47,247,2247.65,2257.87
coexpression,500,7,0.997753,0.997753,module 41,1,6.47759,True,0.996218,module 41; free 4,6.48; 2.35,46,246,2209.16,2220.32
coexpression,500,8,0.996789,0.996789,module 22,1,5.22278,True,0.992718,module 22; free 7,5.22; 2.15,45,278,2196.34,2207.34
coexpression,500,9,0.995636,0.995636,module 16,-1,0.186238,True,0.995548,module 16; module 27,0.186; 3.26,49,254,2230.02,2240.84
vanilla,1000,0,0.994737,0.994737,latent 47,-1,2.47223,True,0.996715,latent 47; latent 30,2.47; 0.0871,58,66,2042.08,2051.71
vanilla,1000,1,0.991448,0.991448,latent 50,-1,1.78098,True,0.993182,latent 50; latent 8,1.78; 0.388,58,80,2033.41,2043.43
vanilla,1000,2,0.983752,0.983752,latent 13,-1,1.11053,True,0.987783,latent 13; latent 5,1.11; 1.03,58,74,2037.91,2047.15
vanilla,1000,3,0.968503,0.968503,latent 43,-1,0.909184,True,0.98179,latent 43; latent 15,0.909; 0.142,58,132,2016.3,2025.54
vanilla,1000,4,0.993302,0.993302,latent 21,1,0.428232,True,0.995499,latent 21; latent 29,0.428; 0.544,58,86,2030.84,2041.63
vanilla,1000,5,0.994397,0.994397,latent 18,-1,3.49799,True,0.993998,latent 18; latent 9,3.5; 0.621,58,93,2027.35,2036.77
vanilla,1000,6,0.988526,0.988526,latent 44,-1,1.19447,True,0.9927,latent 44; latent 23,1.19; 0.309,58,77,2036.64,2046.12
vanilla,1000,7,0.989151,0.989151,latent 19,-1,2.87465,True,0.993369,latent 19; latent 53,2.87; 2.03,58,109,2023.07,2033.06
vanilla,1000,8,0.98291,0.98291,latent 16,1,4.01949,True,0.991886,latent 16; latent 46,4.02; 1.55,58,82,2032.44,2042.35
vanilla,1000,9,0.982917,0.982917,latent 44,-1,1.45054,True,0.989821,latent 44; latent 14,1.45; 0.296,58,67,2043.4,2053.05
real,1000,0,0.997516,0.997516,HALLMARK_INTERFERON_ALPHA_RESPONSE,-1,1.11395,True,0.997489,HALLMARK_INTERFERON_ALPHA_RESPONSE; HALLMARK_INTERFERON_GAMMA_RESPONSE,1.11; 1.02,49,292,2100.51,2110.61
real,1000,1,0.997011,0.997011,HALLMARK_INTERFERON_ALPHA_RESPONSE,1,1.26843,True,0.997043,HALLMARK_INTERFERON_ALPHA_RESPONSE; HALLMARK_INTERFERON_GAMMA_RESPONSE,1.27; 0.926,50,247,2114.96,2124.98
real,1000,2,0.996828,0.996828,HALLMARK_INTERFERON_ALPHA_RESPONSE,-1,1.13766,True,0.996829,HALLMARK_INTERFERON_ALPHA_RESPONSE; HALLMARK_INTERFERON_GAMMA_RESPONSE,1.14; 1.15,50,300,2096.94,2106.15
real,1000,3,0.997361,0.997361,HALLMARK_INTERFERON_ALPHA_RESPONSE,1,1.21822,True,0.997344,HALLMARK_INTERFERON_ALPHA_RESPONSE; HALLMARK_INTERFERON_GAMMA_RESPONSE,1.22; 1.32,50,252,2113.49,2122.63
real,1000,4,0.997478,0.997478,HALLMARK_INTERFERON_ALPHA_RESPONSE,-1,1.03667,True,0.997535,HALLMARK_INTERFERON_ALPHA_RESPONSE; HALLMARK_INTERFERON_GAMMA_RESPONSE,1.04; 1.03,50,339,2086.5,2096.43
real,1000,5,0.996839,0.996839,HALLMARK_INTERFERON_ALPHA_RESPONSE,-1,0.892688,True,0.996943,HALLMARK_INTERFERON_ALPHA_RESPONSE; HALLMARK_INTERFERON_GAMMA_RESPONSE,0.893; 1.25,49,300,2093.39,2103.35
real,1000,6,0.996774,0.996774,HALLMARK_INTERFERON_ALPHA_RESPONSE,1,1.16818,True,0.99677,HALLMARK_INTERFERON_ALPHA_RESPONSE; HALLMARK_INTERFERON_GAMMA_RESPONSE,1.17; 1.05,49,314,2094.88,2104.29
real,1000,7,0.997069,0.997069,HALLMARK_INTERFERON_ALPHA_RESPONSE,-1,1.41564,True,0.99709,HALLMARK_INTERFERON_ALPHA_RESPONSE; HALLMARK_INTERFERON_GAMMA_RESPONSE,1.42; 1.32,48,292,2100.36,2111.26
real,1000,8,0.998357,0.998357,HALLMARK_INTERFERON_ALPHA_RESPONSE,-1,1.14646,True,0.998367,HALLMARK_INTERFERON_ALPHA_RESPONSE; HALLMARK_INTERFERON_GAMMA_RESPONSE,1.15; 1.21,50,259,2110.19,2120.08
real,1000,9,0.996847,0.996847,HALLMARK_INTERFERON_ALPHA_RESPONSE,1,1.35321,True,0.99677,HALLMARK_INTERFERON_ALPHA_RESPONSE; HALLMARK_INTERFERON_GAMMA_RESPONSE,1.35; 1.32,50,276,2105.42,2115.19
shuffled,1000,0,0.207039,0.207039,HALLMARK_INTERFERON_ALPHA_RESPONSE,1,0.713105,True,0.68162,HALLMARK_INTERFERON_ALPHA_RESPONSE; HALLMARK_INTERFERON_GAMMA_RESPONSE,0.713; 0.407,50,287,2130.9,2141.25
shuffled,1000,1,0.761157,0.761157,HALLMARK_INTERFERON_ALPHA_RESPONSE,1,0.639163,True,0.767872,HALLMARK_INTERFERON_ALPHA_RESPONSE; HALLMARK_INTERFERON_GAMMA_RESPONSE,0.639; 0.679,51,183,2174.38,2184.59
shuffled,1000,2,0.836659,0.836659,HALLMARK_INTERFERON_ALPHA_RESPONSE,1,0.742787,True,0.775568,HALLMARK_INTERFERON_ALPHA_RESPONSE; HALLMARK_INTERFERON_GAMMA_RESPONSE,0.743; 0.369,55,302,2114.89,2123.84
shuffled,1000,3,0.955871,0.955871,HALLMARK_INTERFERON_ALPHA_RESPONSE,-1,1.34832,True,0.980135,HALLMARK_INTERFERON_ALPHA_RESPONSE; HALLMARK_INTERFERON_GAMMA_RESPONSE,1.35; 0.112,53,320,2106.68,2116.45
shuffled,1000,4,0.969478,0.969478,HALLMARK_INTERFERON_ALPHA_RESPONSE,-1,1.07222,True,0.902728,HALLMARK_INTERFERON_ALPHA_RESPONSE; HALLMARK_INTERFERON_GAMMA_RESPONSE,1.07; 0.778,53,161,2169.28,2179.66
shuffled,1000,5,0.771196,0.771196,HALLMARK_INTERFERON_ALPHA_RESPONSE,1,0.426077,True,0.80445,HALLMARK_INTERFERON_ALPHA_RESPONSE; HALLMARK_INTERFERON_GAMMA_RESPONSE,0.426; 1.43,51,273,2132.65,2141.95
shuffled,1000,6,0.833143,0.833143,HALLMARK_INTERFERON_ALPHA_RESPONSE,1,0.4308,True,0.819915,HALLMARK_INTERFERON_ALPHA_RESPONSE; HALLMARK_INTERFERON_GAMMA_RESPONSE,0.431; 0.28,53,327,2105.5,2115.28
shuffled,1000,7,0.256182,0.256182,HALLMARK_INTERFERON_ALPHA_RESPONSE,-1,0.0780562,True,0.749979,HALLMARK_INTERFERON_ALPHA_RESPONSE; HALLMARK_INTERFERON_GAMMA_RESPONSE,0.0781; 0.277,54,232,2145.84,2156.24
shuffled,1000,8,0.618653,0.618653,HALLMARK_INTERFERON_ALPHA_RESPONSE,1,1.62047,True,0.803698,HALLMARK_INTERFERON_ALPHA_RESPONSE; HALLMARK_INTERFERON_GAMMA_RESPONSE,1.62; 0.205,53,279,2132.03,2141.29
shuffled,1000,9,0.147106,0.147106,HALLMARK_INTERFERON_ALPHA_RESPONSE,-1,0.881042,True,0.833121,HALLMARK_INTERFERON_ALPHA_RESPONSE; HALLMARK_INTERFERON_GAMMA_RESPONSE,0.881; 0.554,51,160,2194.5,2204.66
coexpression,1000,0,0.997656,0.997656,module 28,-1,0.951749,True,0.997597,module 28; module 40,0.952; 2.26,47,212,2128.1,2137.74
coexpression,1000,1,0.99047,0.99047,module 1,-1,3.08716,True,0.991582,module 1; free 7,3.09; 2.25,41,232,2135.1,2144.83
coexpression,1000,2,0.996171,0.996171,module 45,1,1.91749,True,0.997132,module 45; module 20,1.92; 0.08,43,263,2097.49,2106.79
coexpression,1000,3,0.992595,0.992595,module 9,1,0.911287,True,0.993758,module 9; free 4,0.911; 2.55,47,267,2129.77,2138.94
coexpression,1000,4,0.997892,0.997892,module 40,1,1.61195,True,0.99796,module 40; free 2,1.61; 2.01,42,200,2134.93,2145.13
coexpression,1000,5,0.998074,0.998074,module 20,1,3.82948,True,0.997811,module 20; free 4,3.83; 1.52,37,269,2099.51,2109.38
coexpression,1000,6,0.991421,0.991421,free 5,-1,2.48381,True,0.997164,free 5; module 33,2.48; 5.01,39,272,2089.78,2098.85
coexpression,1000,7,0.997204,0.997204,free 1,1,3.51385,True,0.997668,free 1; free 7,3.51; 5.26,31,201,2093.8,2104.42
coexpression,1000,8,0.998383,0.998383,module 40,1,2.47042,True,0.998162,module 40; free 6,2.47; 2.21,42,242,2109.47,2118.59
coexpression,1000,9,0.996892,0.996892,module 7,-1,0.998645,True,0.996519,module 7; module 33,0.999; 3.98,41,282,2105.3,2114.87
vanilla,2000,0,0.988681,0.988681,latent 51,-1,1.33731,True,0.995235,latent 51; latent 27,1.34; 1.15,58,56,2005.76,2014.98
vanilla,2000,1,0.976348,0.976348,latent 11,-1,1.82432,True,0.992826,latent 11; latent 41,1.82; 1.64,58,92,1991.67,2001.74
vanilla,2000,2,0.989112,0.989112,latent 29,-1,1.64504,True,0.995234,latent 29; latent 13,1.65; 0.734,58,90,1987.05,1996.4
vanilla,2000,3,0.986637,0.986637,latent 26,1,1.19839,True,0.99353,latent 26; latent 4,1.2; 0.434,58,85,1990.56,2000.41
vanilla,2000,4,0.975387,0.975387,latent 21,-1,0.926299,True,0.995628,latent 21; latent 29,0.926; 0.84,58,85,1992.67,2002.63
vanilla,2000,5,0.974168,0.974168,latent 18,-1,1.85585,True,0.992695,latent 18; latent 34,1.86; 1.61,58,85,1992.73,2001.83
vanilla,2000,6,0.985386,0.985386,latent 42,-1,1.00969,True,0.991243,latent 42; latent 44,1.01; 1.6,58,80,1994.58,2003.85
vanilla,2000,7,0.987116,0.987116,latent 28,-1,0.714508,True,0.995647,latent 28; latent 22,0.715; 0.788,58,75,1996.71,2006.02
vanilla,2000,8,0.9946,0.9946,latent 34,-1,2.79246,True,0.995043,latent 34; latent 16,2.79; 1.87,58,57,2009.44,2018
vanilla,2000,9,0.967481,0.967481,latent 2,1,1.47017,True,0.988859,latent 2; latent 37,1.47; 1.56,58,112,1983.39,1992.67
real,2000,0,0.997859,0.997859,HALLMARK_INTERFERON_ALPHA_RESPONSE,-1,0.932665,True,0.9978,HALLMARK_INTERFERON_ALPHA_RESPONSE; HALLMARK_INTERFERON_GAMMA_RESPONSE,0.933; 0.935,48,238,2035.36,2045.01
real,2000,1,0.996733,0.996733,HALLMARK_INTERFERON_ALPHA_RESPONSE,-1,1.2733,True,0.996646,HALLMARK_INTERFERON_ALPHA_RESPONSE; HALLMARK_INTERFERON_GAMMA_RESPONSE,1.27; 0.919,47,187,2055.57,2065.17
real,2000,2,0.997613,0.997613,HALLMARK_INTERFERON_ALPHA_RESPONSE,-1,1.0861,True,0.997613,HALLMARK_INTERFERON_ALPHA_RESPONSE; HALLMARK_INTERFERON_GAMMA_RESPONSE,1.09; 0.861,48,216,2041.58,2050.6
real,2000,3,0.996755,0.996755,HALLMARK_INTERFERON_ALPHA_RESPONSE,1,1.09473,True,0.996892,HALLMARK_INTERFERON_ALPHA_RESPONSE; HALLMARK_INTERFERON_GAMMA_RESPONSE,1.09; 1.04,47,225,2039.26,2048.3
real,2000,4,0.996668,0.996668,HALLMARK_INTERFERON_ALPHA_RESPONSE,-1,0.876873,True,0.996593,HALLMARK_INTERFERON_ALPHA_RESPONSE; HALLMARK_INTERFERON_GAMMA_RESPONSE,0.877; 1.09,46,259,2030.21,2039.64
real,2000,5,0.996808,0.996808,HALLMARK_INTERFERON_ALPHA_RESPONSE,-1,0.902607,True,0.996964,HALLMARK_INTERFERON_ALPHA_RESPONSE; HALLMARK_INTERFERON_GAMMA_RESPONSE,0.903; 1.09,45,252,2029.74,2039.33
real,2000,6,0.997357,0.997357,HALLMARK_INTERFERON_ALPHA_RESPONSE,1,1.13486,True,0.997371,HALLMARK_INTERFERON_ALPHA_RESPONSE; HALLMARK_INTERFERON_GAMMA_RESPONSE,1.13; 1.09,49,203,2049.27,2058.3
real,2000,7,0.997883,0.997883,HALLMARK_INTERFERON_ALPHA_RESPONSE,-1,1.36546,True,0.997744,HALLMARK_INTERFERON_ALPHA_RESPONSE; HALLMARK_INTERFERON_GAMMA_RESPONSE,1.37; 1.29,48,175,2061.63,2071.69
real,2000,8,0.997832,0.997832,HALLMARK_INTERFERON_ALPHA_RESPONSE,-1,1.04752,True,0.997741,HALLMARK_INTERFERON_ALPHA_RESPONSE; HALLMARK_INTERFERON_GAMMA_RESPONSE,1.05; 1.13,48,197,2048.21,2057.33
real,2000,9,0.997284,0.997284,HALLMARK_INTERFERON_ALPHA_RESPONSE,1,1.11151,True,0.997293,HALLMARK_INTERFERON_ALPHA_RESPONSE; HALLMARK_INTERFERON_GAMMA_RESPONSE,1.11; 1.03,47,239,2035.46,2044.98
shuffled,2000,0,0.799547,0.799547,HALLMARK_INTERFERON_ALPHA_RESPONSE,-1,1.16886,True,0.776239,HALLMARK_INTERFERON_ALPHA_RESPONSE; HALLMARK_INTERFERON_GAMMA_RESPONSE,1.17; 0.524,54,157,2089.74,2099.12
shuffled,2000,1,0.697376,0.697376,HALLMARK_INTERFERON_ALPHA_RESPONSE,-1,1.17027,True,0.637533,HALLMARK_INTERFERON_ALPHA_RESPONSE; HALLMARK_INTERFERON_GAMMA_RESPONSE,1.17; 0.374,45,310,2034.05,2043.78
shuffled,2000,2,0.777749,0.777749,HALLMARK_INTERFERON_ALPHA_RESPONSE,1,1.10969,True,0.714773,HALLMARK_INTERFERON_ALPHA_RESPONSE; HALLMARK_INTERFERON_GAMMA_RESPONSE,1.11; 0.124,47,234,2050.87,2060.7
shuffled,2000,3,0.748993,0.748993,HALLMARK_INTERFERON_ALPHA_RESPONSE,-1,0.980964,True,0.692961,HALLMARK_INTERFERON_ALPHA_RESPONSE; HALLMARK_INTERFERON_GAMMA_RESPONSE,0.981; 0.0593,48,225,2058.44,2067.57
shuffled,2000,4,0.211717,0.211717,HALLMARK_INTERFERON_ALPHA_RESPONSE,1,0.553895,True,0.755196,HALLMARK_INTERFERON_ALPHA_RESPONSE; HALLMARK_INTERFERON_GAMMA_RESPONSE,0.554; 0.32,50,193,2061.59,2071.17
shuffled,2000,5,0.727722,0.727722,HALLMARK_INTERFERON_ALPHA_RESPONSE,-1,0.534684,True,0.711903,HALLMARK_INTERFERON_ALPHA_RESPONSE; HALLMARK_INTERFERON_GAMMA_RESPONSE,0.535; 0.628,46,216,2058.26,2067.88
shuffled,2000,6,0.40028,0.40028,HALLMARK_INTERFERON_ALPHA_RESPONSE,-1,0.504598,True,0.713932,HALLMARK_INTERFERON_ALPHA_RESPONSE; HALLMARK_INTERFERON_GAMMA_RESPONSE,0.505; 0.762,49,229,2055.97,2065.54
shuffled,2000,7,0.684215,0.684215,HALLMARK_INTERFERON_ALPHA_RESPONSE,1,0.410658,True,0.905985,HALLMARK_INTERFERON_ALPHA_RESPONSE; HALLMARK_INTERFERON_GAMMA_RESPONSE,0.411; 1.7,52,187,2080.25,2090.01
shuffled,2000,8,0.223238,0.223238,HALLMARK_INTERFERON_ALPHA_RESPONSE,-1,0.784757,True,0.778054,HALLMARK_INTERFERON_ALPHA_RESPONSE; HALLMARK_INTERFERON_GAMMA_RESPONSE,0.785; 0.696,51,197,2073.19,2081.84
shuffled,2000,9,0.829182,0.829182,HALLMARK_INTERFERON_ALPHA_RESPONSE,-1,0.643679,True,0.74626,HALLMARK_INTERFERON_ALPHA_RESPONSE; HALLMARK_INTERFERON_GAMMA_RESPONSE,0.644; 0.743,46,247,2053.96,2063.49
coexpression,2000,0,0.99774,0.99774,module 7,-1,1.64159,True,0.995826,module 7; module 40,1.64; 0.517,36,217,2029.29,2038.77
coexpression,2000,1,0.997806,0.997806,module 34,-1,1.63765,True,0.997721,module 34; free 3,1.64; 1.56,41,250,2030.95,2040.55
coexpression,2000,2,0.99645,0.99645,module 29,-1,2.29193,True,0.996852,module 29; module 5,2.29; 0.0387,41,105,2098.97,2108.75
coexpression,2000,3,0.996507,0.996507,module 45,-1,1.62297,True,0.996956,module 45; free 2,1.62; 1.42,35,179,2045.62,2054.86
coexpression,2000,4,0.997874,0.997874,module 16,-1,0.0284377,True,0.998106,module 16; module 43,0.0284; 1.51,37,246,2030.75,2040.53
coexpression,2000,5,0.997024,0.997024,module 37,1,1.63609,True,0.99819,module 37; free 6,1.64; 0.878,39,199,2038.69,2047.78
coexpression,2000,6,0.993123,0.993123,module 48,1,1.17004,True,0.996871,module 48; free 6,1.17; 1.62,33,255,2023.77,2032.61
coexpression,2000,7,0.99884,0.99884,module 28,-1,1.68284,True,0.998847,module 28; module 47,1.68; 0.296,33,252,2022.49,2031.88
coexpression,2000,8,0.997965,0.997965,module 28,1,1.68067,True,0.997925,module 28; module 47,1.68; 0.275,38,231,2026.66,2035.52
coexpression,2000,9,0.997539,0.997539,module 49,-1,1.43195,True,0.997421,module 49; module 27,1.43; 0.415,34,192,2036.06,2045.81
vanilla,4000,0,0.978945,0.978945,latent 47,-1,2.63819,True,0.989779,latent 47; latent 8,2.64; 1.1,58,48,1975.86,1984.83
vanilla,4000,1,0.951005,0.951005,latent 11,-1,0.793209,True,0.990747,latent 11; latent 22,0.793; 0.862,58,60,1971.67,1981.16
vanilla,4000,2,0.951313,0.951313,latent 17,-1,1.11225,True,0.977634,latent 17; latent 50,1.11; 0.953,58,85,1956.16,1965.38
vanilla,4000,3,0.974228,0.974228,latent 22,1,1.17918,True,0.989903,latent 22; latent 33,1.18; 1.11,58,96,1954.87,1964.09
vanilla,4000,4,0.993377,0.993377,latent 38,-1,2.23405,True,0.997152,latent 38; latent 50,2.23; 0.928,58,46,1978.85,1988.2
vanilla,4000,5,0.95518,0.95518,latent 18,-1,0.737494,True,0.983355,latent 18; latent 55,0.737; 0.605,58,80,1961.63,1970.56
vanilla,4000,6,0.981663,0.981663,latent 33,-1,1.64041,True,0.994211,latent 33; latent 55,1.64; 0.772,58,56,1972.48,1982.01
vanilla,4000,7,0.979477,0.979477,latent 6,1,0.831229,True,0.993283,latent 6; latent 14,0.831; 1.23,58,95,1956.98,1965.82
vanilla,4000,8,0.995448,0.995448,latent 16,1,1.38525,True,0.997486,latent 16; latent 28,1.39; 0.894,58,116,1950.05,1958.77
vanilla,4000,9,0.992545,0.992545,latent 16,-1,1.56809,True,0.995496,latent 16; latent 46,1.57; 2.17,58,45,1980.81,1989.7
real,4000,0,0.997824,0.997824,HALLMARK_INTERFERON_ALPHA_RESPONSE,-1,0.952175,True,0.997393,HALLMARK_INTERFERON_ALPHA_RESPONSE; HALLMARK_INTERFERON_GAMMA_RESPONSE,0.952; 0.824,44,156,2002.15,2011.37
real,4000,1,0.997723,0.997723,HALLMARK_INTERFERON_ALPHA_RESPONSE,1,1.05548,True,0.997714,HALLMARK_INTERFERON_ALPHA_RESPONSE; HALLMARK_INTERFERON_GAMMA_RESPONSE,1.06; 0.571,40,216,1989.73,1998.77
real,4000,2,0.997662,0.997662,HALLMARK_INTERFERON_ALPHA_RESPONSE,-1,1.09396,True,0.997595,HALLMARK_INTERFERON_ALPHA_RESPONSE; HALLMARK_INTERFERON_GAMMA_RESPONSE,1.09; 0.732,43,192,1992.27,2001.05
real,4000,3,0.997147,0.997147,HALLMARK_INTERFERON_ALPHA_RESPONSE,1,1.14894,True,0.997085,HALLMARK_INTERFERON_ALPHA_RESPONSE; HALLMARK_INTERFERON_GAMMA_RESPONSE,1.15; 0.791,43,176,1995.87,2004.97
real,4000,4,0.997482,0.997482,HALLMARK_INTERFERON_ALPHA_RESPONSE,-1,0.905683,True,0.997221,HALLMARK_INTERFERON_ALPHA_RESPONSE; HALLMARK_INTERFERON_GAMMA_RESPONSE,0.906; 0.829,43,206,1991.28,2000.56
real,4000,5,0.995501,0.995501,HALLMARK_INTERFERON_ALPHA_RESPONSE,-1,1.01847,True,0.995916,HALLMARK_INTERFERON_ALPHA_RESPONSE; HALLMARK_INTERFERON_GAMMA_RESPONSE,1.02; 0.736,39,221,1988.87,1998.03
real,4000,6,0.997775,0.997775,HALLMARK_INTERFERON_ALPHA_RESPONSE,1,0.955305,True,0.997835,HALLMARK_INTERFERON_ALPHA_RESPONSE; HALLMARK_INTERFERON_GAMMA_RESPONSE,0.955; 0.742,41,234,1988.06,1997.07
real,4000,7,0.997989,0.997989,HALLMARK_INTERFERON_ALPHA_RESPONSE,-1,0.966672,True,0.997829,HALLMARK_INTERFERON_ALPHA_RESPONSE; HALLMARK_INTERFERON_GAMMA_RESPONSE,0.967; 0.943,40,233,1988.7,1997.64
real,4000,8,0.997184,0.997184,HALLMARK_INTERFERON_ALPHA_RESPONSE,-1,1.03461,True,0.997216,HALLMARK_INTERFERON_ALPHA_RESPONSE; HALLMARK_INTERFERON_GAMMA_RESPONSE,1.03; 0.657,40,217,1989.53,1998.09
real,4000,9,0.996976,0.996976,HALLMARK_INTERFERON_ALPHA_RESPONSE,1,1.13802,True,0.996962,HALLMARK_INTERFERON_ALPHA_RESPONSE; HALLMARK_INTERFERON_GAMMA_RESPONSE,1.14; 0.766,42,186,1993.23,2002.4
shuffled,4000,0,0.888562,0.888562,HALLMARK_INTERFERON_ALPHA_RESPONSE,-1,0.87815,True,0.795023,HALLMARK_INTERFERON_ALPHA_RESPONSE; HALLMARK_INTERFERON_GAMMA_RESPONSE,0.878; 0.332,41,187,2007.45,2016.68
shuffled,4000,1,0.442802,0.442802,HALLMARK_INTERFERON_ALPHA_RESPONSE,1,0.921146,True,0.781883,HALLMARK_INTERFERON_ALPHA_RESPONSE; HALLMARK_INTERFERON_GAMMA_RESPONSE,0.921; 0.283,41,208,2000.66,2009.72
shuffled,4000,2,0.872467,0.872467,HALLMARK_INTERFERON_ALPHA_RESPONSE,1,0.717265,True,0.932997,HALLMARK_INTERFERON_ALPHA_RESPONSE; HALLMARK_INTERFERON_GAMMA_RESPONSE,0.717; 0.465,42,189,2005.85,2015.33
shuffled,4000,3,0.73796,0.73796,HALLMARK_INTERFERON_ALPHA_RESPONSE,-1,0.0352235,True,0.853642,HALLMARK_INTERFERON_ALPHA_RESPONSE; HALLMARK_INTERFERON_GAMMA_RESPONSE,0.0352; 0.433,40,189,1999.97,2008.62
shuffled,4000,4,0.595731,0.595731,HALLMARK_INTERFERON_ALPHA_RESPONSE,1,0.840381,True,0.664062,HALLMARK_INTERFERON_ALPHA_RESPONSE; HALLMARK_INTERFERON_GAMMA_RESPONSE,0.84; 0.0775,44,196,2002.02,2011.28
shuffled,4000,5,0.0130055,0.0130055,HALLMARK_INTERFERON_ALPHA_RESPONSE,-1,0.861755,True,0.990701,HALLMARK_INTERFERON_ALPHA_RESPONSE; HALLMARK_INTERFERON_GAMMA_RESPONSE,0.862; 0.477,41,251,1994.83,2004.15
shuffled,4000,6,0.784379,0.784379,HALLMARK_INTERFERON_ALPHA_RESPONSE,-1,0.891575,True,0.813684,HALLMARK_INTERFERON_ALPHA_RESPONSE; HALLMARK_INTERFERON_GAMMA_RESPONSE,0.892; 0.153,44,206,2003.85,2013.11
shuffled,4000,7,0.917654,0.917654,HALLMARK_INTERFERON_ALPHA_RESPONSE,-1,0.605673,True,0.865884,HALLMARK_INTERFERON_ALPHA_RESPONSE; HALLMARK_INTERFERON_GAMMA_RESPONSE,0.606; 0.103,40,234,1997.48,2006.36
shuffled,4000,8,0.994474,0.994474,HALLMARK_INTERFERON_ALPHA_RESPONSE,1,1.02621,True,0.99282,HALLMARK_INTERFERON_ALPHA_RESPONSE; HALLMARK_INTERFERON_GAMMA_RESPONSE,1.03; 0.379,43,150,2021.23,2029.87
shuffled,4000,9,0.47742,0.47742,HALLMARK_INTERFERON_ALPHA_RESPONSE,-1,0.58557,True,0.887315,HALLMARK_INTERFERON_ALPHA_RESPONSE; HALLMARK_INTERFERON_GAMMA_RESPONSE,0.586; 0.425,36,252,1993.52,2002.74
coexpression,4000,0,0.998486,0.998486,module 23,-1,1.06075,True,0.998535,module 23; module 5,1.06; 0.959,37,109,2010.19,2019.21
coexpression,4000,1,0.996721,0.996721,module 46,-1,0.80688,True,0.997875,module 46; free 3,0.807; 1.34,42,180,1995.4,2004.5
coexpression,4000,2,0.997872,0.997872,module 46,-1,2.61151,True,0.996802,module 46; free 3,2.61; 1.45,38,140,1999.22,2008.51
coexpression,4000,3,0.997314,0.997314,module 29,1,1.19766,True,0.997182,module 29; free 8,1.2; 0.851,34,154,1990,1999.06
coexpression,4000,4,0.996427,0.996427,module 7,-1,1.51947,True,0.995676,module 7; module 32,1.52; 0.194,33,183,1991.24,2000.18
coexpression,4000,5,0.99728,0.99728,module 10,-1,1.20058,True,0.997612,module 10; module 16,1.2; 0.711,37,164,1993.2,2002.27
coexpression,4000,6,0.997351,0.997351,module 10,-1,1.41263,True,0.996604,module 10; module 11,1.41; 1.78,42,123,2009.51,2018.72
coexpression,4000,7,0.997256,0.997256,module 10,1,1.38383,True,0.997207,module 10; free 1,1.38; 0.876,38,159,1994.51,2003.26
coexpression,4000,8,0.997823,0.997823,module 29,-1,0.936743,True,0.997904,module 29; module 36,0.937; 1.09,33,240,1981.12,1988.95
coexpression,4000,9,0.99702,0.99702,module 21,-1,1.62682,True,0.997573,module 21; module 12,1.63; 0.435,31,191,1984.44,1993.59
vanilla,8000,0,0.952378,0.952378,latent 26,1,1.38742,True,0.978549,latent 26; latent 45,1.39; 0.876,58,77,1931.57,1940.34
vanilla,8000,1,0.991256,0.991256,latent 22,1,1.32953,True,0.990813,latent 22; latent 55,1.33; 0.603,58,88,1932.24,1941.22
vanilla,8000,2,0.991852,0.991852,latent 13,-1,1.61781,True,0.997334,latent 13; latent 38,1.62; 0.858,58,87,1930.92,1939.72
vanilla,8000,3,0.939197,0.939197,latent 54,1,1.01401,True,0.972462,latent 54; latent 30,1.01; 1.05,58,74,1934.55,1943.49
vanilla,8000,4,0.984708,0.984708,latent 4,-1,1.01281,True,0.993031,latent 4; latent 40,1.01; 1.55,58,66,1938.83,1947.75
vanilla,8000,5,0.993628,0.993628,latent 1,-1,1.45135,True,0.99688,latent 1; latent 3,1.45; 1.04,58,78,1937.18,1945.97
vanilla,8000,6,0.974339,0.974339,latent 42,-1,0.958417,True,0.984027,latent 42; latent 33,0.958; 1.12,58,94,1933.1,1942.13
vanilla,8000,7,0.965033,0.965033,latent 23,1,1.23255,True,0.982468,latent 23; latent 6,1.23; 0.664,58,79,1934.72,1943.43
vanilla,8000,8,0.946486,0.946486,latent 48,-1,0.844248,True,0.985773,latent 48; latent 20,0.844; 1.1,58,80,1931.07,1939.73
vanilla,8000,9,0.985657,0.985657,latent 16,-1,1.71605,True,0.992157,latent 16; latent 12,1.72; 1.13,58,78,1932.53,1941.7
real,8000,0,0.99715,0.99715,HALLMARK_INTERFERON_ALPHA_RESPONSE,-1,1.00529,True,0.996987,HALLMARK_INTERFERON_ALPHA_RESPONSE; HALLMARK_INTERFERON_GAMMA_RESPONSE,1.01; 0.739,38,144,1972.73,1981.48
real,8000,1,0.997677,0.997677,HALLMARK_INTERFERON_ALPHA_RESPONSE,1,1.14729,True,0.997625,HALLMARK_INTERFERON_ALPHA_RESPONSE; HALLMARK_INTERFERON_GAMMA_RESPONSE,1.15; 0.644,38,133,1974.42,1983.09
real,8000,2,0.996978,0.996978,HALLMARK_INTERFERON_ALPHA_RESPONSE,-1,1.20296,True,0.997047,HALLMARK_INTERFERON_ALPHA_RESPONSE; HALLMARK_INTERFERON_GAMMA_RESPONSE,1.2; 0.765,41,124,1974.81,1983.33
real,8000,3,0.997188,0.997188,HALLMARK_INTERFERON_ALPHA_RESPONSE,1,1.14275,True,0.997222,HALLMARK_INTERFERON_ALPHA_RESPONSE; HALLMARK_INTERFERON_GAMMA_RESPONSE,1.14; 0.685,39,121,1974.45,1983.37
real,8000,4,0.996919,0.996919,HALLMARK_INTERFERON_ALPHA_RESPONSE,-1,1.08294,True,0.996842,HALLMARK_INTERFERON_ALPHA_RESPONSE; HALLMARK_INTERFERON_GAMMA_RESPONSE,1.08; 0.888,39,118,1976.58,1985.54
real,8000,5,0.995474,0.995474,HALLMARK_INTERFERON_ALPHA_RESPONSE,-1,0.955263,True,0.996019,HALLMARK_INTERFERON_ALPHA_RESPONSE; HALLMARK_INTERFERON_GAMMA_RESPONSE,0.955; 0.8,37,147,1972.58,1981.3
real,8000,6,0.99832,0.99832,HALLMARK_INTERFERON_ALPHA_RESPONSE,1,0.997115,True,0.998373,HALLMARK_INTERFERON_ALPHA_RESPONSE; HALLMARK_INTERFERON_GAMMA_RESPONSE,0.997; 0.902,39,144,1973.81,1982.31
real,8000,7,0.997144,0.997144,HALLMARK_INTERFERON_ALPHA_RESPONSE,-1,1.03365,True,0.997399,HALLMARK_INTERFERON_ALPHA_RESPONSE; HALLMARK_INTERFERON_GAMMA_RESPONSE,1.03; 1.04,39,127,1975.94,1984.86
real,8000,8,0.997241,0.997241,HALLMARK_INTERFERON_ALPHA_RESPONSE,-1,1.03115,True,0.997258,HALLMARK_INTERFERON_ALPHA_RESPONSE; HALLMARK_INTERFERON_GAMMA_RESPONSE,1.03; 0.894,37,145,1972.77,1981.46
real,8000,9,0.99762,0.99762,HALLMARK_INTERFERON_ALPHA_RESPONSE,1,1.03038,True,0.997643,HALLMARK_INTERFERON_ALPHA_RESPONSE; HALLMARK_INTERFERON_GAMMA_RESPONSE,1.03; 0.834,40,130,1974.61,1983.78
shuffled,8000,0,0.19988,0.19988,HALLMARK_INTERFERON_ALPHA_RESPONSE,1,0.68415,True,0.972329,HALLMARK_INTERFERON_ALPHA_RESPONSE; HALLMARK_INTERFERON_GAMMA_RESPONSE,0.684; 0.764,40,150,1978.79,1987.97
shuffled,8000,1,0.674989,0.674989,HALLMARK_INTERFERON_ALPHA_RESPONSE,-1,0.206865,True,0.704165,HALLMARK_INTERFERON_ALPHA_RESPONSE; HALLMARK_INTERFERON_GAMMA_RESPONSE,0.207; 1.12,38,136,1980.38,1988.96
shuffled,8000,2,0.930342,0.930342,HALLMARK_INTERFERON_ALPHA_RESPONSE,-1,0.0663088,True,0.978487,HALLMARK_INTERFERON_ALPHA_RESPONSE; HALLMARK_INTERFERON_GAMMA_RESPONSE,0.0663; 0.924,40,162,1982.8,1991.67
shuffled,8000,3,0.780122,0.780122,HALLMARK_INTERFERON_ALPHA_RESPONSE,1,0.878307,True,0.790982,HALLMARK_INTERFERON_ALPHA_RESPONSE; HALLMARK_INTERFERON_GAMMA_RESPONSE,0.878; 0.0703,36,160,1978.71,1987.77
shuffled,8000,4,0.608783,0.608783,HALLMARK_INTERFERON_ALPHA_RESPONSE,1,0.87122,True,0.863279,HALLMARK_INTERFERON_ALPHA_RESPONSE; HALLMARK_INTERFERON_GAMMA_RESPONSE,0.871; 0.193,44,136,1979.22,1988.4
shuffled,8000,5,0.677944,0.677944,HALLMARK_INTERFERON_ALPHA_RESPONSE,-1,0.631241,True,0.76881,HALLMARK_INTERFERON_ALPHA_RESPONSE; HALLMARK_INTERFERON_GAMMA_RESPONSE,0.631; 0.233,36,150,1980.25,1989.35
shuffled,8000,6,0.0140249,0.0140249,HALLMARK_INTERFERON_ALPHA_RESPONSE,-1,0.36954,True,0.990981,HALLMARK_INTERFERON_ALPHA_RESPONSE; HALLMARK_INTERFERON_GAMMA_RESPONSE,0.37; 1.01,36,198,1976.56,1984.78
shuffled,8000,7,0.911293,0.911293,HALLMARK_INTERFERON_ALPHA_RESPONSE,1,0.484379,True,0.888872,HALLMARK_INTERFERON_ALPHA_RESPONSE; HALLMARK_INTERFERON_GAMMA_RESPONSE,0.484; 0.183,36,157,1978.35,1987.43
shuffled,8000,8,0.0519666,0.0519666,HALLMARK_INTERFERON_ALPHA_RESPONSE,1,0.638061,True,0.966693,HALLMARK_INTERFERON_ALPHA_RESPONSE; HALLMARK_INTERFERON_GAMMA_RESPONSE,0.638; 0.993,39,170,1977.6,1986.37
shuffled,8000,9,0.671871,0.671871,HALLMARK_INTERFERON_ALPHA_RESPONSE,1,0.892577,True,0.61824,HALLMARK_INTERFERON_ALPHA_RESPONSE; HALLMARK_INTERFERON_GAMMA_RESPONSE,0.893; 0.112,39,147,1982.49,1991.58
coexpression,8000,0,0.997192,0.997192,module 13,-1,0.679196,True,0.996937,module 13; module 30,0.679; 0.715,31,150,1962.95,1971.83
coexpression,8000,1,0.997123,0.997123,module 23,1,1.3451,True,0.996587,module 23; module 12,1.35; 0.339,34,143,1960.45,1969.07
coexpression,8000,2,0.997809,0.997809,module 46,-1,1.20024,True,0.998027,module 46; free 1,1.2; 0.64,34,148,1966.66,1975.05
coexpression,8000,3,0.997294,0.997294,module 46,1,1.70545,True,0.997088,module 46; free 3,1.71; 0.762,31,138,1966.36,1975.21
coexpression,8000,4,0.997178,0.997178,module 47,1,1.27371,True,0.997226,module 47; free 2,1.27; 0.615,30,182,1962.66,1971.4
coexpression,8000,5,0.998046,0.998046,module 33,1,0.917491,True,0.99785,module 33; module 5,0.917; 0.465,36,139,1971.35,1979.97
coexpression,8000,6,0.997666,0.997666,module 16,1,1.40207,True,0.997607,module 16; module 48,1.4; 0.182,36,118,1966.73,1975.41
coexpression,8000,7,0.996561,0.996561,module 29,-1,1.21045,True,0.996648,module 29; free 8,1.21; 0.704,38,130,1970.64,1979.46
coexpression,8000,8,0.997323,0.997323,module 30,1,1.19143,True,0.997308,module 30; module 32,1.19; 0.28,34,185,1962.39,1971
coexpression,8000,9,0.997837,0.997837,module 3,1,1.10645,True,0.99864,module 3; free 6,1.11; 0.545,33,146,1968.87,1977.77
vanilla,16749,0,0.993238,0.993238,latent 47,-1,1.14053,True,0.997111,latent 47; latent 39,1.14; 1.26,56,56,1920.83,1929.46
vanilla,16749,1,0.973996,0.973996,latent 12,-1,1.27582,True,0.984563,latent 12; latent 53,1.28; 0.725,54,59,1921.03,1929.63
vanilla,16749,2,0.978627,0.978627,latent 13,-1,1.06012,True,0.988544,latent 13; latent 38,1.06; 0.601,48,75,1919.32,1928.33
vanilla,16749,3,0.98185,0.98185,latent 10,-1,1.19026,True,0.990408,latent 10; latent 43,1.19; 0.818,48,60,1922.05,1930.84
vanilla,16749,4,0.936615,0.936615,latent 4,-1,0.982524,True,0.982243,latent 4; latent 7,0.983; 0.862,49,54,1920.36,1929.37
vanilla,16749,5,0.988736,0.988736,latent 9,-1,1.10178,True,0.997995,latent 9; latent 18,1.1; 0.94,54,56,1921.57,1930.33
vanilla,16749,6,0.936567,0.936567,latent 31,1,0.792804,True,0.977977,latent 31; latent 46,0.793; 0.69,34,70,1919.45,1928.31
vanilla,16749,7,0.988394,0.988394,latent 19,-1,1.16492,True,0.991958,latent 19; latent 35,1.16; 0.54,44,63,1920.06,1928.85
vanilla,16749,8,0.927821,0.927821,latent 28,-1,1.07692,True,0.979663,latent 28; latent 34,1.08; 0.87,41,63,1919.52,1928.23
vanilla,16749,9,0.950191,0.950191,latent 29,-1,0.833171,True,0.993482,latent 29; latent 12,0.833; 0.868,44,68,1919,1927.51
real,16749,0,0.998007,0.998007,HALLMARK_INTERFERON_ALPHA_RESPONSE,-1,0.805262,True,0.998342,HALLMARK_INTERFERON_ALPHA_RESPONSE; HALLMARK_INTERFERON_GAMMA_RESPONSE,0.805; 0.744,37,96,1962.16,1970.62
real,16749,1,0.992932,0.992932,HALLMARK_INTERFERON_ALPHA_RESPONSE,-1,0.600583,True,0.997994,HALLMARK_INTERFERON_ALPHA_RESPONSE; HALLMARK_INTERFERON_GAMMA_RESPONSE,0.601; 0.998,36,119,1962.05,1970.65
real,16749,2,0.996947,0.996947,HALLMARK_INTERFERON_ALPHA_RESPONSE,-1,0.886497,True,0.99751,HALLMARK_INTERFERON_ALPHA_RESPONSE; HALLMARK_INTERFERON_GAMMA_RESPONSE,0.886; 0.668,37,99,1962.58,1971
real,16749,3,0.996955,0.996955,HALLMARK_INTERFERON_ALPHA_RESPONSE,1,0.956802,True,0.997491,HALLMARK_INTERFERON_ALPHA_RESPONSE; HALLMARK_INTERFERON_GAMMA_RESPONSE,0.957; 0.737,37,85,1963.43,1972.17
real,16749,4,0.99683,0.99683,HALLMARK_INTERFERON_ALPHA_RESPONSE,-1,0.852067,True,0.997445,HALLMARK_INTERFERON_ALPHA_RESPONSE; HALLMARK_INTERFERON_GAMMA_RESPONSE,0.852; 0.883,37,89,1964.48,1973.09
real,16749,5,0.996125,0.996125,HALLMARK_INTERFERON_ALPHA_RESPONSE,-1,0.807382,True,0.997271,HALLMARK_INTERFERON_ALPHA_RESPONSE; HALLMARK_INTERFERON_GAMMA_RESPONSE,0.807; 0.88,36,122,1961.34,1969.83
real,16749,6,0.998054,0.998054,HALLMARK_INTERFERON_ALPHA_RESPONSE,1,0.893973,True,0.998233,HALLMARK_INTERFERON_ALPHA_RESPONSE; HALLMARK_INTERFERON_GAMMA_RESPONSE,0.894; 0.82,37,99,1963.37,1971.68
real,16749,7,0.997324,0.997324,HALLMARK_INTERFERON_ALPHA_RESPONSE,-1,0.906152,True,0.997777,HALLMARK_INTERFERON_ALPHA_RESPONSE; HALLMARK_INTERFERON_GAMMA_RESPONSE,0.906; 0.906,38,104,1962.32,1970.94
real,16749,8,0.996533,0.996533,HALLMARK_INTERFERON_ALPHA_RESPONSE,-1,0.823075,True,0.997212,HALLMARK_INTERFERON_ALPHA_RESPONSE; HALLMARK_INTERFERON_GAMMA_RESPONSE,0.823; 0.879,36,111,1961.83,1970.46
real,16749,9,0.997514,0.997514,HALLMARK_INTERFERON_ALPHA_RESPONSE,1,0.994184,True,0.997672,HALLMARK_INTERFERON_ALPHA_RESPONSE; HALLMARK_INTERFERON_GAMMA_RESPONSE,0.994; 0.802,37,82,1964.58,1973.37
shuffled,16749,0,0.941071,0.941071,HALLMARK_INTERFERON_ALPHA_RESPONSE,1,0.653208,True,0.941021,HALLMARK_INTERFERON_ALPHA_RESPONSE; HALLMARK_INTERFERON_GAMMA_RESPONSE,0.653; 0.23,34,130,1966.1,1975.06
shuffled,16749,1,0.874855,0.874855,HALLMARK_INTERFERON_ALPHA_RESPONSE,-1,0.430299,True,0.915383,HALLMARK_INTERFERON_ALPHA_RESPONSE; HALLMARK_INTERFERON_GAMMA_RESPONSE,0.43; 0.816,35,96,1969.37,1978.35
shuffled,16749,2,0.982577,0.982577,HALLMARK_INTERFERON_ALPHA_RESPONSE,-1,0.728011,True,0.980426,HALLMARK_INTERFERON_ALPHA_RESPONSE; HALLMARK_INTERFERON_GAMMA_RESPONSE,0.728; 0.533,35,116,1966.49,1975.26
shuffled,16749,3,0.381369,0.381369,HALLMARK_INTERFERON_ALPHA_RESPONSE,-1,0.721202,True,0.842748,HALLMARK_INTERFERON_ALPHA_RESPONSE; HALLMARK_INTERFERON_GAMMA_RESPONSE,0.721; 0.338,33,110,1965.22,1973.43
shuffled,16749,4,0.887207,0.887207,HALLMARK_INTERFERON_ALPHA_RESPONSE,-1,0.651367,True,0.894265,HALLMARK_INTERFERON_ALPHA_RESPONSE; HALLMARK_INTERFERON_GAMMA_RESPONSE,0.651; 0.295,36,103,1967.49,1976.06
shuffled,16749,5,0.535479,0.535479,HALLMARK_INTERFERON_ALPHA_RESPONSE,1,0.648805,True,0.748407,HALLMARK_INTERFERON_ALPHA_RESPONSE; HALLMARK_INTERFERON_GAMMA_RESPONSE,0.649; 0.441,35,119,1965.68,1974.53
shuffled,16749,6,0.837208,0.837208,HALLMARK_INTERFERON_ALPHA_RESPONSE,1,0.607868,True,0.748028,HALLMARK_INTERFERON_ALPHA_RESPONSE; HALLMARK_INTERFERON_GAMMA_RESPONSE,0.608; 0.387,34,127,1966.11,1974.98
shuffled,16749,7,0.984276,0.984276,HALLMARK_INTERFERON_ALPHA_RESPONSE,1,0.715928,True,0.985338,HALLMARK_INTERFERON_ALPHA_RESPONSE; HALLMARK_INTERFERON_GAMMA_RESPONSE,0.716; 0.765,36,126,1966.9,1975.75
shuffled,16749,8,0.558467,0.558467,HALLMARK_INTERFERON_ALPHA_RESPONSE,-1,0.522985,True,0.789648,HALLMARK_INTERFERON_ALPHA_RESPONSE; HALLMARK_INTERFERON_GAMMA_RESPONSE,0.523; 0.525,36,112,1964.44,1973.13
shuffled,16749,9,0.597117,0.597117,HALLMARK_INTERFERON_ALPHA_RESPONSE,-1,0.739492,True,0.868935,HALLMARK_INTERFERON_ALPHA_RESPONSE; HALLMARK_INTERFERON_GAMMA_RESPONSE,0.739; 0.793,37,106,1967.32,1976.03
coexpression,16749,0,0.99784,0.99784,module 45,-1,1.33575,True,0.997555,module 45; free 5,1.34; 0.517,34,90,1952.3,1960.62
coexpression,16749,1,0.997868,0.997868,module 25,-1,1.25246,True,0.997588,module 25; free 5,1.25; 0.578,36,118,1949.39,1957.97
coexpression,16749,2,0.996644,0.996644,module 11,-1,1.19218,True,0.997835,module 11; module 16,1.19; 0.732,37,120,1949.28,1958.26
coexpression,16749,3,0.99763,0.99763,module 5,1,1.06452,True,0.997682,module 5; module 11,1.06; 0.495,35,93,1951.15,1959.64
coexpression,16749,4,0.997526,0.997526,module 37,-1,0.882743,True,0.998048,module 37; free 6,0.883; 0.635,32,101,1952.11,1960.78
coexpression,16749,5,0.997625,0.997625,module 30,1,1.10874,True,0.996915,module 30; module 5,1.11; 0.558,35,108,1949.91,1958.58
coexpression,16749,6,0.998034,0.998034,module 26,1,1.19754,True,0.998016,module 26; free 6,1.2; 0.493,35,92,1951.91,1960.63
coexpression,16749,7,0.997818,0.997818,module 48,-1,1.13626,True,0.997955,module 48; module 41,1.14; 0.482,37,90,1953.93,1962.58
coexpression,16749,8,0.997652,0.997652,module 21,1,1.07195,True,0.997383,module 21; free 6,1.07; 0.713,28,124,1950.25,1958.9
coexpression,16749,9,0.997781,0.997781,module 31,1,0.9831,True,0.997827,module 31; free 8,0.983; 0.664,32,105,1952.27,1961.11
