train_size,score,comparison,pairs,mean_difference,ci_low,ci_high,wilcoxon_p,primary
500,ifn_alpha,real - shuffled,10,0.514401,0.300872,0.72793,0.00195312,False
500,ifn_alpha,real - vanilla,10,0.00400729,0.000866374,0.00714821,0.00195312,False
500,ifn_alpha,real - coexpression,10,0.00300235,-0.000767254,0.00677195,0.0644531,False
500,ifn_pair,real - shuffled,10,0.210904,0.137221,0.284588,0.00195312,False
500,ifn_pair,real - vanilla,10,0.00240005,-5.24764e-05,0.00485258,0.0195312,False
500,ifn_pair,real - coexpression,10,0.00238737,-0.000768356,0.00554309,0.105469,False
1000,ifn_alpha,real - shuffled,10,0.36156,0.136071,0.587048,0.00195312,False
1000,ifn_alpha,real - vanilla,10,0.0102437,0.00450161,0.0159858,0.00195312,False
1000,ifn_alpha,real - coexpression,10,0.00153209,-0.000503132,0.0035673,0.625,False
1000,ifn_pair,real - shuffled,10,0.185309,0.126315,0.244304,0.00195312,False
1000,ifn_pair,real - vanilla,10,0.00554368,0.0024766,0.00861077,0.00195312,False
1000,ifn_pair,real - coexpression,10,0.000682573,-0.000818966,0.00218411,0.769531,False
2000,ifn_alpha,real - shuffled,10,0.387277,0.2169,0.557654,0.00195312,False
2000,ifn_alpha,real - vanilla,10,0.0147875,0.00889315,0.0206819,0.00195312,False
2000,ifn_alpha,real - coexpression,10,0.000192249,-0.000942178,0.00132668,0.695312,False
2000,ifn_pair,real - shuffled,10,0.253982,0.203441,0.304523,0.00195312,False
2000,ifn_pair,real - vanilla,10,0.00367191,0.00211106,0.00523276,0.00195312,False
2000,ifn_pair,real - coexpression,10,-0.000205776,-0.0009791,0.000567547,0.431641,False
4000,ifn_alpha,real - shuffled,10,0.324881,0.112151,0.53761,0.00195312,False
4000,ifn_alpha,real - vanilla,10,0.022008,0.00976444,0.0342515,0.00195312,False
4000,ifn_alpha,real - coexpression,10,-2.88134e-05,-0.000655566,0.000597939,1,False
4000,ifn_pair,real - shuffled,10,0.139476,0.0670961,0.211855,0.00195312,False
4000,ifn_pair,real - vanilla,10,0.00637204,0.00194734,0.0107967,0.00585938,False
4000,ifn_pair,real - coexpression,10,-2.04399e-05,-0.000773492,0.000732612,1,False
8000,ifn_alpha,real - shuffled,10,0.44505,0.202112,0.687987,0.00195312,False
8000,ifn_alpha,real - vanilla,10,0.0247176,0.010012,0.0394232,0.00195312,False
8000,ifn_alpha,real - coexpression,10,-0.000231934,-0.000905478,0.000441609,0.556641,False
8000,ifn_pair,real - shuffled,10,0.142958,0.0501713,0.235744,0.00195312,False
8000,ifn_pair,real - vanilla,10,0.00989229,0.00392165,0.0158629,0.00976562,False
8000,ifn_pair,real - coexpression,10,-0.000150491,-0.000802516,0.000501534,0.769531,False
16749,ifn_alpha,real - shuffled,10,0.238759,0.0826234,0.394895,0.00195312,True
16749,ifn_alpha,real - vanilla,10,0.0311184,0.0130164,0.0492204,0.00195312,False
16749,ifn_alpha,real - coexpression,10,-0.00091977,-0.00200682,0.000167278,0.0371094,False
16749,ifn_pair,real - shuffled,10,0.126275,0.0632373,0.189312,0.00195312,False
16749,ifn_pair,real - vanilla,10,0.00930025,0.00424846,0.014352,0.00390625,False
16749,ifn_pair,real - coexpression,10,1.4212e-05,-0.000282347,0.000310771,0.845703,False
