variant,seed,donor,auroc
plain,0,101,0.993445
plain,0,1015,0.994441
plain,0,1016,0.980982
plain,0,1039,0.967995
plain,0,107,0.99862
plain,0,1244,0.99842
plain,0,1256,0.989086
plain,0,1488,0.999365
plain,1,101,0.969771
plain,1,1015,0.97173
plain,1,1016,0.957274
plain,1,1039,0.982493
plain,1,107,0.92121
plain,1,1244,0.981536
plain,1,1256,0.986882
plain,1,1488,0.984215
plain,2,101,0.974529
plain,2,1015,0.971596
plain,2,1016,0.978566
plain,2,1039,0.922665
plain,2,107,0.994939
plain,2,1244,0.977064
plain,2,1256,0.987127
plain,2,1488,0.997027
plain,3,101,0.984343
plain,3,1015,0.990989
plain,3,1016,0.978378
plain,3,1039,0.966209
plain,3,107,0.926961
plain,3,1244,0.994892
plain,3,1256,0.935494
plain,3,1488,0.999529
plain,4,101,0.942894
plain,4,1015,0.9422
plain,4,1016,0.937343
plain,4,1039,0.957143
plain,4,107,0.926542
plain,4,1244,0.929103
plain,4,1256,0.939461
plain,4,1488,0.966445
plain,5,101,0.995201
plain,5,1015,0.98674
plain,5,1016,0.981206
plain,5,1039,0.999313
plain,5,107,0.9732
plain,5,1244,0.980311
plain,5,1256,0.984402
plain,5,1488,0.995582
plain,6,101,0.958651
plain,6,1015,0.945671
plain,6,1016,0.886458
plain,6,1039,0.933526
plain,6,107,0.961777
plain,6,1244,0.961995
plain,6,1256,0.905209
plain,6,1488,0.951683
plain,7,101,0.98611
plain,7,1015,0.985302
plain,7,1016,0.988393
plain,7,1039,0.998214
plain,7,107,0.99862
plain,7,1244,0.985843
plain,7,1256,0.994549
plain,7,1488,0.999269
plain,8,101,0.923882
plain,8,1015,0.918899
plain,8,1016,0.915564
plain,8,1039,0.953677
plain,8,107,0.924851
plain,8,1244,0.921163
plain,8,1256,0.937994
plain,8,1488,0.975068
plain,9,101,0.982169
plain,9,1015,0.953763
plain,9,1016,0.919511
plain,9,1039,0.840186
plain,9,107,0.941429
plain,9,1244,0.942301
plain,9,1256,0.924784
plain,9,1488,0.972178
real,0,101,0.999048
real,0,1015,0.994751
real,0,1016,0.996891
real,0,1039,1
real,0,107,1
real,0,1244,0.999876
real,0,1256,0.99969
real,0,1488,0.999751
real,1,101,0.998866
real,1,1015,0.985131
real,1,1016,0.991871
real,1,1039,0.999725
real,1,107,0.99908
real,1,1244,0.993786
real,1,1256,0.998755
real,1,1488,0.997812
real,2,101,1
real,2,1015,0.993991
real,2,1016,0.996455
real,2,1039,0.991071
real,2,107,1
real,2,1244,0.999942
real,2,1256,0.99924
real,2,1488,0.999683
real,3,101,1
real,3,1015,0.994002
real,3,1016,0.996039
real,3,1039,1
real,3,107,1
real,3,1244,0.998877
real,3,1256,0.998709
real,3,1488,0.999766
real,4,101,1
real,4,1015,0.994089
real,4,1016,0.99454
real,4,1039,0.999863
real,4,107,1
real,4,1244,0.998352
real,4,1256,0.999277
real,4,1488,0.999517
real,5,101,1
real,5,1015,0.989959
real,5,1016,0.997254
real,5,1039,0.999313
real,5,107,1
real,5,1244,0.998855
real,5,1256,0.9989
real,5,1488,0.999525
real,6,101,1
real,6,1015,0.995409
real,6,1016,0.997357
real,6,1039,1
real,6,107,1
real,6,1244,0.998352
real,6,1256,0.999364
real,6,1488,0.999778
real,7,101,0.999048
real,7,1015,0.994178
real,7,1016,0.996475
real,7,1039,0.999863
real,7,107,1
real,7,1244,0.998921
real,7,1256,0.998961
real,7,1488,0.999755
real,8,101,0.997143
real,8,1015,0.993788
real,8,1016,0.996036
real,8,1039,0.991071
real,8,107,1
real,8,1244,0.998352
real,8,1256,0.99871
real,8,1488,0.999736
real,9,101,1
real,9,1015,0.995885
real,9,1016,0.996787
real,9,1039,1
real,9,107,1
real,9,1244,0.99992
real,9,1256,0.999298
real,9,1488,0.999548
shuffled,0,101,0.943865
shuffled,0,1015,0.950174
shuffled,0,1016,0.948307
shuffled,0,1039,0.930846
shuffled,0,107,0.90809
shuffled,0,1244,0.96118
shuffled,0,1256,0.953818
shuffled,0,1488,0.961461
shuffled,1,101,0.870837
shuffled,1,1015,0.88666
shuffled,1,1016,0.86924
shuffled,1,1039,0.931043
shuffled,1,107,0.838406
shuffled,1,1244,0.90821
shuffled,1,1256,0.924619
shuffled,1,1488,0.907919
shuffled,2,101,0.982931
shuffled,2,1015,0.977095
shuffled,2,1016,0.97574
shuffled,2,1039,0.978388
shuffled,2,107,0.997239
shuffled,2,1244,0.980378
shuffled,2,1256,0.991675
shuffled,2,1488,0.996391
shuffled,3,101,0.423198
shuffled,3,1015,0.409037
shuffled,3,1016,0.360245
shuffled,3,1039,0.444516
shuffled,3,107,0.317098
shuffled,3,1244,0.310745
shuffled,3,1256,0.442419
shuffled,3,1488,0.364986
shuffled,4,101,0.889601
shuffled,4,1015,0.891253
shuffled,4,1016,0.880294
shuffled,4,1039,0.939371
shuffled,4,107,0.905678
shuffled,4,1244,0.85753
shuffled,4,1256,0.894925
shuffled,4,1488,0.905603
shuffled,5,101,0.533551
shuffled,5,1015,0.560166
shuffled,5,1016,0.508684
shuffled,5,1039,0.485176
shuffled,5,107,0.46341
shuffled,5,1244,0.586956
shuffled,5,1256,0.559629
shuffled,5,1488,0.524274
shuffled,6,101,0.808144
shuffled,6,1015,0.884965
shuffled,6,1016,0.825061
shuffled,6,1039,0.733368
shuffled,6,107,0.804789
shuffled,6,1244,0.861214
shuffled,6,1256,0.888182
shuffled,6,1488,0.805322
shuffled,7,101,0.979023
shuffled,7,1015,0.983915
shuffled,7,1016,0.988649
shuffled,7,1039,0.99478
shuffled,7,107,0.99839
shuffled,7,1244,0.990117
shuffled,7,1256,0.981256
shuffled,7,1488,0.996079
shuffled,8,101,0.500606
shuffled,8,1015,0.604549
shuffled,8,1016,0.580052
shuffled,8,1039,0.359221
shuffled,8,107,0.590322
shuffled,8,1244,0.573238
shuffled,8,1256,0.57962
shuffled,8,1488,0.59211
shuffled,9,101,0.643103
shuffled,9,1015,0.616834
shuffled,9,1016,0.575585
shuffled,9,1039,0.601295
shuffled,9,107,0.503525
shuffled,9,1244,0.629138
shuffled,9,1256,0.622471
shuffled,9,1488,0.62077
coexpression,0,101,1
coexpression,0,1015,0.994597
coexpression,0,1016,0.998159
coexpression,0,1039,1
coexpression,0,107,1
coexpression,0,1244,0.998899
coexpression,0,1256,0.999658
coexpression,0,1488,0.999883
coexpression,1,101,1
coexpression,1,1015,0.995896
coexpression,1,1016,0.995567
coexpression,1,1039,1
coexpression,1,107,1
coexpression,1,1244,0.999453
coexpression,1,1256,0.999458
coexpression,1,1488,0.999472
coexpression,2,101,0.999048
coexpression,2,1015,0.992054
coexpression,2,1016,0.996691
coexpression,2,1039,1
coexpression,2,107,1
coexpression,2,1244,0.999906
coexpression,2,1256,0.999423
coexpression,2,1488,0.999774
coexpression,3,101,1
coexpression,3,1015,0.996168
coexpression,3,1016,0.994635
coexpression,3,1039,1
coexpression,3,107,1
coexpression,3,1244,0.999978
coexpression,3,1256,0.999385
coexpression,3,1488,0.999619
coexpression,4,101,0.999048
coexpression,4,1015,0.994549
coexpression,4,1016,0.996932
coexpression,4,1039,1
coexpression,4,107,1
coexpression,4,1244,0.998913
coexpression,4,1256,0.999712
coexpression,4,1488,0.99974
coexpression,5,101,1
coexpression,5,1015,0.994132
coexpression,5,1016,0.998212
coexpression,5,1039,1
coexpression,5,107,1
coexpression,5,1244,0.999417
coexpression,5,1256,0.999648
coexpression,5,1488,0.999695
coexpression,6,101,1
coexpression,6,1015,0.995376
coexpression,6,1016,0.997615
coexpression,6,1039,1
coexpression,6,107,1
coexpression,6,1244,0.999409
coexpression,6,1256,0.999534
coexpression,6,1488,0.999589
coexpression,7,101,0.999048
coexpression,7,1015,0.996395
coexpression,7,1016,0.995407
coexpression,7,1039,1
coexpression,7,107,1
coexpression,7,1244,0.999468
coexpression,7,1256,0.999627
coexpression,7,1488,0.999906
coexpression,8,101,1
coexpression,8,1015,0.994753
coexpression,8,1016,0.995541
coexpression,8,1039,1
coexpression,8,107,1
coexpression,8,1244,0.999431
coexpression,8,1256,0.999259
coexpression,8,1488,0.999495
coexpression,9,101,0.999048
coexpression,9,1015,0.994546
coexpression,9,1016,0.995905
coexpression,9,1039,1
coexpression,9,107,1
coexpression,9,1244,0.999956
coexpression,9,1256,0.999734
coexpression,9,1488,0.999879
