variant,seed,named_latent,best_latent,best_is_named
plain,0,0.993238,0.993238,True
plain,1,0.973996,0.973996,True
plain,2,0.978627,0.978627,True
plain,3,0.98185,0.98185,True
plain,4,0.936615,0.936615,True
plain,5,0.988736,0.988736,True
plain,6,0.936567,0.936567,True
plain,7,0.988394,0.988394,True
plain,8,0.927821,0.927821,True
plain,9,0.950191,0.950191,True
real,0,0.998007,0.998007,True
real,1,0.992932,0.997973,False
real,2,0.996947,0.996947,True
real,3,0.996955,0.996955,True
real,4,0.99683,0.99683,True
real,5,0.996125,0.996125,True
real,6,0.998054,0.998054,True
real,7,0.997324,0.997324,True
real,8,0.996533,0.996533,True
real,9,0.997514,0.997514,True
shuffled,0,0.941071,0.989572,False
shuffled,1,0.874855,0.99443,False
shuffled,2,0.982577,0.984716,False
shuffled,3,0.381369,0.989931,False
shuffled,4,0.887207,0.99095,False
shuffled,5,0.535479,0.993255,False
shuffled,6,0.837208,0.992486,False
shuffled,7,0.984276,0.990826,False
shuffled,8,0.558467,0.976183,False
shuffled,9,0.597117,0.988585,False
coexpression,0,0.99784,0.99784,True
coexpression,1,0.997868,0.997868,True
coexpression,2,0.996644,0.996644,True
coexpression,3,0.99763,0.99763,True
coexpression,4,0.997526,0.997526,True
coexpression,5,0.997625,0.997625,True
coexpression,6,0.998034,0.998034,True
coexpression,7,0.997818,0.997818,True
coexpression,8,0.997652,0.997652,True
coexpression,9,0.997781,0.997781,True
